test,n,mean,t_stat,p_value_one_sided
one_sample_ttest_pd_3_less_than_zero,35585,-0.07940550844288814,-51.694105798303404,0.0
anova_pd_3_by_surface,35585,-0.07940550844288816,3.2469654973071376,0.020913441090037555
one_sample_ttest_pd_6_less_than_zero,35157,-0.009850827223298522,-9.108118734675164,4.4061745965240376e-20
anova_pd_6_by_surface,35157,-0.00985082722329852,1.9333735401535654,0.12177117630750188
one_sample_ttest_pd_12_less_than_zero,33744,-0.00680533183901904,-9.845774312295077,3.837019850451033e-23
anova_pd_12_by_surface,33744,-0.006805331839019039,1.1813362020399407,0.31511610458049805
